match_id,season,start_date,venue,innings,ball,actual_delivery,batting_team,bowling_team,striker,non_striker,bowler,runs_off_bat,extras,wides,noballs,byes,legbyes,penalty,non_boundary,wicket_type,player_dismissed,other_wicket_type,other_player_dismissed,fielder_1,fielder_2,fielder_3
1297882,2022,2022-06-19,"County Ground, Chelmsford",1,0.1,0.1,Essex,Somerset,AM Rossington,FIN Khushi,TA Lammonby,1,0,,,,,,,,,,,,,
1297882,2022,2022-06-19,"County Ground, Chelmsford",1,0.2,0.2,Essex,Somerset,FIN Khushi,AM Rossington,TA Lammonby,4,0,,,,,,,,,,,,,
1297882,2022,2022-06-19,"County Ground, Chelmsford",1,0.3,0.3,Essex,Somerset,FIN Khushi,AM Rossington,TA Lammonby,0,0,,,,,,,,,,,,,
1297882,2022,2022-06-19,"County Ground, Chelmsford",1,0.4,0.4,Essex,Somerset,FIN Khushi,AM Rossington,TA Lammonby,4,0,,,,,,,,,,,,,
1297882,2022,2022-06-19,"County Ground, Chelmsford",1,0.5,0.5,Essex,Somerset,FIN Khushi,AM Rossington,TA Lammonby,1,0,,,,,,,,,,,,,
1297882,2022,2022-06-19,"County Ground, Chelmsford",1,0.6,0.6,Essex,Somerset,AM Rossington,FIN Khushi,TA Lammonby,1,0,,,,,,,,,,,,,
1297882,2022,2022-06-19,"County Ground, Chelmsford",1,1.1,1.1,Essex,Somerset,AM Rossington,FIN Khushi,JA Brooks,0,0,,,,,,,,,,,,,
1297882,2022,2022-06-19,"County Ground, Chelmsford",1,1.2,1.2,Essex,Somerset,AM Rossington,FIN Khushi,JA Brooks,1,0,,,,,,,,,,,,,
1297882,2022,2022-06-19,"County Ground, Chelmsford",1,1.3,1.3,Essex,Somerset,FIN Khushi,AM Rossington,JA Brooks,1,0,,,,,,,,,,,,,
1297882,2022,2022-06-19,"County Ground, Chelmsford",1,1.4,1.4,Essex,Somerset,AM Rossington,FIN Khushi,JA Brooks,4,0,,,,,,,,,,,,,
1297882,2022,2022-06-19,"County Ground, Chelmsford",1,1.5,1.5,Essex,Somerset,AM Rossington,FIN Khushi,JA Brooks,1,0,,,,,,,,,,,,,
1297882,2022,2022-06-19,"County Ground, Chelmsford",1,1.6,1.6,Essex,Somerset,FIN Khushi,AM Rossington,JA Brooks,0,0,,,,,,,,,,,,,
1297882,2022,2022-06-19,"County Ground, Chelmsford",1,2.1,2.1,Essex,Somerset,AM Rossington,FIN Khushi,PM Siddle,0,0,,,,,,,,,,,,,
1297882,2022,2022-06-19,"County Ground, Chelmsford",1,2.2,2.2,Essex,Somerset,AM Rossington,FIN Khushi,PM Siddle,0,0,,,,,,,caught,AM Rossington,,,T Banton,,
1297882,2022,2022-06-19,"County Ground, Chelmsford",1,2.3,2.3,Essex,Somerset,MS Pepper,FIN Khushi,PM Siddle,1,0,,,,,,,,,,,,,
1297882,2022,2022-06-19,"County Ground, Chelmsford",1,2.4,2.4,Essex,Somerset,FIN Khushi,MS Pepper,PM Siddle,0,0,,,,,,,,,,,,,
1297882,2022,2022-06-19,"County Ground, Chelmsford",1,2.5,2.5,Essex,Somerset,FIN Khushi,MS Pepper,PM Siddle,4,0,,,,,,,,,,,,,
1297882,2022,2022-06-19,"County Ground, Chelmsford",1,2.6,2.6,Essex,Somerset,FIN Khushi,MS Pepper,PM Siddle,0,0,,,,,,,,,,,,,
1297882,2022,2022-06-19,"County Ground, Chelmsford",1,3.1,3.1,Essex,Somerset,MS Pepper,FIN Khushi,JA Brooks,0,0,,,,,,,,,,,,,
1297882,2022,2022-06-19,"County Ground, Chelmsford",1,3.2,3.2,Essex,Somerset,MS Pepper,FIN Khushi,JA Brooks,0,0,,,,,,,,,,,,,
1297882,2022,2022-06-19,"County Ground, Chelmsford",1,3.3,3.3,Essex,Somerset,MS Pepper,FIN Khushi,JA Brooks,4,0,,,,,,,,,,,,,
1297882,2022,2022-06-19,"County Ground, Chelmsford",1,3.4,3.4,Essex,Somerset,MS Pepper,FIN Khushi,JA Brooks,1,0,,,,,,,,,,,,,
1297882,2022,2022-06-19,"County Ground, Chelmsford",1,3.5,3.5,Essex,Somerset,FIN Khushi,MS Pepper,JA Brooks,0,0,,,,,,,,,,,,,
1297882,2022,2022-06-19,"County Ground, Chelmsford",1,3.6,3.6,Essex,Somerset,FIN Khushi,MS Pepper,JA Brooks,0,0,,,,,,,,,,,,,
1297882,2022,2022-06-19,"County Ground, Chelmsford",1,4.1,4.1,Essex,Somerset,MS Pepper,FIN Khushi,PM Siddle,4,0,,,,,,,,,,,,,
1297882,2022,2022-06-19,"County Ground, Chelmsford",1,4.2,4.2,Essex,Somerset,MS Pepper,FIN Khushi,PM Siddle,0,1,1,,,,,,,,,,,,
1297882,2022,2022-06-19,"County Ground, Chelmsford",1,4.3,4.2,Essex,Somerset,MS Pepper,FIN Khushi,PM Siddle,1,0,,,,,,,,,,,,,
1297882,2022,2022-06-19,"County Ground, Chelmsford",1,4.4,4.3,Essex,Somerset,FIN Khushi,MS Pepper,PM Siddle,0,0,,,,,,,,,,,,,
1297882,2022,2022-06-19,"County Ground, Chelmsford",1,4.5,4.4,Essex,Somerset,FIN Khushi,MS Pepper,PM Siddle,1,0,,,,,,,,,,,,,
1297882,2022,2022-06-19,"County Ground, Chelmsford",1,4.6,4.5,Essex,Somerset,MS Pepper,FIN Khushi,PM Siddle,1,0,,,,,,,,,,,,,
1297882,2022,2022-06-19,"County Ground, Chelmsford",1,4.7,4.6,Essex,Somerset,FIN Khushi,MS Pepper,PM Siddle,1,0,,,,,,,,,,,,,
1297882,2022,2022-06-19,"County Ground, Chelmsford",1,5.1,5.1,Essex,Somerset,FIN Khushi,MS Pepper,BGF Green,0,0,,,,,,,caught,FIN Khushi,,,TA Lammonby,,
1297882,2022,2022-06-19,"County Ground, Chelmsford",1,5.2,5.2,Essex,Somerset,MJJ Critchley,MS Pepper,BGF Green,2,0,,,,,,,,,,,,,
1297882,2022,2022-06-19,"County Ground, Chelmsford",1,5.3,5.3,Essex,Somerset,MJJ Critchley,MS Pepper,BGF Green,1,0,,,,,,,,,,,,,
1297882,2022,2022-06-19,"County Ground, Chelmsford",1,5.4,5.4,Essex,Somerset,MS Pepper,MJJ Critchley,BGF Green,0,0,,,,,,,,,,,,,
1297882,2022,2022-06-19,"County Ground, Chelmsford",1,5.5,5.5,Essex,Somerset,MS Pepper,MJJ Critchley,BGF Green,0,1,,,,1,,,,,,,,,
1297882,2022,2022-06-19,"County Ground, Chelmsford",1,5.6,5.6,Essex,Somerset,MJJ Critchley,MS Pepper,BGF Green,1,0,,,,,,,,,,,,,
1297882,2022,2022-06-19,"County Ground, Chelmsford",1,6.1,6.1,Essex,Somerset,MJJ Critchley,MS Pepper,RE van der Merwe,1,0,,,,,,,,,,,,,
1297882,2022,2022-06-19,"County Ground, Chelmsford",1,6.2,6.2,Essex,Somerset,MS Pepper,MJJ Critchley,RE van der Merwe,1,0,,,,,,,,,,,,,
1297882,2022,2022-06-19,"County Ground, Chelmsford",1,6.3,6.3,Essex,Somerset,MJJ Critchley,MS Pepper,RE van der Merwe,1,0,,,,,,,,,,,,,
1297882,2022,2022-06-19,"County Ground, Chelmsford",1,6.4,6.4,Essex,Somerset,MS Pepper,MJJ Critchley,RE van der Merwe,6,0,,,,,,,,,,,,,
1297882,2022,2022-06-19,"County Ground, Chelmsford",1,6.5,6.5,Essex,Somerset,MS Pepper,MJJ Critchley,RE van der Merwe,4,0,,,,,,,,,,,,,
1297882,2022,2022-06-19,"County Ground, Chelmsford",1,6.6,6.6,Essex,Somerset,MS Pepper,MJJ Critchley,RE van der Merwe,0,0,,,,,,,,,,,,,
1297882,2022,2022-06-19,"County Ground, Chelmsford",1,7.1,7.1,Essex,Somerset,MJJ Critchley,MS Pepper,LP Goldsworthy,1,0,,,,,,,,,,,,,
1297882,2022,2022-06-19,"County Ground, Chelmsford",1,7.2,7.2,Essex,Somerset,MS Pepper,MJJ Critchley,LP Goldsworthy,1,0,,,,,,,,,,,,,
1297882,2022,2022-06-19,"County Ground, Chelmsford",1,7.3,7.3,Essex,Somerset,MJJ Critchley,MS Pepper,LP Goldsworthy,0,0,,,,,,,,,,,,,
1297882,2022,2022-06-19,"County Ground, Chelmsford",1,7.4,7.4,Essex,Somerset,MJJ Critchley,MS Pepper,LP Goldsworthy,1,0,,,,,,,,,,,,,
1297882,2022,2022-06-19,"County Ground, Chelmsford",1,7.5,7.5,Essex,Somerset,MS Pepper,MJJ Critchley,LP Goldsworthy,1,0,,,,,,,,,,,,,
1297882,2022,2022-06-19,"County Ground, Chelmsford",1,7.6,7.6,Essex,Somerset,MJJ Critchley,MS Pepper,LP Goldsworthy,0,0,,,,,,,,,,,,,
1297882,2022,2022-06-19,"County Ground, Chelmsford",1,8.1,8.1,Essex,Somerset,MS Pepper,MJJ Critchley,L Gregory,0,0,,,,,,,,,,,,,
1297882,2022,2022-06-19,"County Ground, Chelmsford",1,8.2,8.2,Essex,Somerset,MS Pepper,MJJ Critchley,L Gregory,4,0,,,,,,,,,,,,,
1297882,2022,2022-06-19,"County Ground, Chelmsford",1,8.3,8.3,Essex,Somerset,MS Pepper,MJJ Critchley,L Gregory,4,0,,,,,,,,,,,,,
1297882,2022,2022-06-19,"County Ground, Chelmsford",1,8.4,8.4,Essex,Somerset,MS Pepper,MJJ Critchley,L Gregory,0,0,,,,,,,,,,,,,
1297882,2022,2022-06-19,"County Ground, Chelmsford",1,8.5,8.5,Essex,Somerset,MS Pepper,MJJ Critchley,L Gregory,0,0,,,,,,,,,,,,,
1297882,2022,2022-06-19,"County Ground, Chelmsford",1,8.6,8.6,Essex,Somerset,MS Pepper,MJJ Critchley,L Gregory,1,0,,,,,,,,,,,,,
1297882,2022,2022-06-19,"County Ground, Chelmsford",1,9.1,9.1,Essex,Somerset,MS Pepper,MJJ Critchley,LP Goldsworthy,6,0,,,,,,,,,,,,,
1297882,2022,2022-06-19,"County Ground, Chelmsford",1,9.2,9.2,Essex,Somerset,MS Pepper,MJJ Critchley,LP Goldsworthy,1,0,,,,,,,,,,,,,
1297882,2022,2022-06-19,"County Ground, Chelmsford",1,9.3,9.3,Essex,Somerset,MJJ Critchley,MS Pepper,LP Goldsworthy,0,0,,,,,,,,,,,,,
1297882,2022,2022-06-19,"County Ground, Chelmsford",1,9.4,9.4,Essex,Somerset,MJJ Critchley,MS Pepper,LP Goldsworthy,0,1,,,,1,,,,,,,,,
1297882,2022,2022-06-19,"County Ground, Chelmsford",1,9.5,9.5,Essex,Somerset,MS Pepper,MJJ Critchley,LP Goldsworthy,1,0,,,,,,,,,,,,,
1297882,2022,2022-06-19,"County Ground, Chelmsford",1,9.6,9.6,Essex,Somerset,MJJ Critchley,MS Pepper,LP Goldsworthy,0,0,,,,,,,,,,,,,
1297882,2022,2022-06-19,"County Ground, Chelmsford",1,10.1,10.1,Essex,Somerset,MS Pepper,MJJ Critchley,L Gregory,1,0,,,,,,,,,,,,,
1297882,2022,2022-06-19,"County Ground, Chelmsford",1,10.2,10.2,Essex,Somerset,MJJ Critchley,MS Pepper,L Gregory,0,0,,,,,,,,,,,,,
1297882,2022,2022-06-19,"County Ground, Chelmsford",1,10.3,10.3,Essex,Somerset,MJJ Critchley,MS Pepper,L Gregory,0,0,,,,,,,caught,MJJ Critchley,,,TA Lammonby,,
1297882,2022,2022-06-19,"County Ground, Chelmsford",1,10.4,10.4,Essex,Somerset,PI Walter,MS Pepper,L Gregory,4,0,,,,,,,,,,,,,
1297882,2022,2022-06-19,"County Ground, Chelmsford",1,10.5,10.5,Essex,Somerset,PI Walter,MS Pepper,L Gregory,0,0,,,,,,,,,,,,,
1297882,2022,2022-06-19,"County Ground, Chelmsford",1,10.6,10.6,Essex,Somerset,PI Walter,MS Pepper,L Gregory,4,0,,,,,,,,,,,,,
1297882,2022,2022-06-19,"County Ground, Chelmsford",1,11.1,11.1,Essex,Somerset,MS Pepper,PI Walter,RE van der Merwe,4,0,,,,,,,,,,,,,
1297882,2022,2022-06-19,"County Ground, Chelmsford",1,11.2,11.2,Essex,Somerset,MS Pepper,PI Walter,RE van der Merwe,1,0,,,,,,,,,,,,,
1297882,2022,2022-06-19,"County Ground, Chelmsford",1,11.3,11.3,Essex,Somerset,PI Walter,MS Pepper,RE van der Merwe,1,0,,,,,,,,,,,,,
1297882,2022,2022-06-19,"County Ground, Chelmsford",1,11.4,11.4,Essex,Somerset,MS Pepper,PI Walter,RE van der Merwe,0,0,,,,,,,,,,,,,
1297882,2022,2022-06-19,"County Ground, Chelmsford",1,11.5,11.5,Essex,Somerset,MS Pepper,PI Walter,RE van der Merwe,1,0,,,,,,,,,,,,,
1297882,2022,2022-06-19,"County Ground, Chelmsford",1,11.6,11.6,Essex,Somerset,PI Walter,MS Pepper,RE van der Merwe,1,0,,,,,,,,,,,,,
1297882,2022,2022-06-19,"County Ground, Chelmsford",1,12.1,12.1,Essex,Somerset,PI Walter,MS Pepper,BGF Green,1,0,,,,,,,,,,,,,
1297882,2022,2022-06-19,"County Ground, Chelmsford",1,12.2,12.2,Essex,Somerset,MS Pepper,PI Walter,BGF Green,1,0,,,,,,,,,,,,,
1297882,2022,2022-06-19,"County Ground, Chelmsford",1,12.3,12.3,Essex,Somerset,PI Walter,MS Pepper,BGF Green,2,0,,,,,,,,,,,,,
1297882,2022,2022-06-19,"County Ground, Chelmsford",1,12.4,12.4,Essex,Somerset,PI Walter,MS Pepper,BGF Green,0,0,,,,,,,,,,,,,
1297882,2022,2022-06-19,"County Ground, Chelmsford",1,12.5,12.5,Essex,Somerset,PI Walter,MS Pepper,BGF Green,1,0,,,,,,,,,,,,,
1297882,2022,2022-06-19,"County Ground, Chelmsford",1,12.6,12.6,Essex,Somerset,MS Pepper,PI Walter,BGF Green,0,0,,,,,,,,,,,,,
1297882,2022,2022-06-19,"County Ground, Chelmsford",1,13.1,13.1,Essex,Somerset,PI Walter,MS Pepper,L Gregory,6,0,,,,,,,,,,,,,
1297882,2022,2022-06-19,"County Ground, Chelmsford",1,13.2,13.2,Essex,Somerset,PI Walter,MS Pepper,L Gregory,4,0,,,,,,,,,,,,,
1297882,2022,2022-06-19,"County Ground, Chelmsford",1,13.3,13.3,Essex,Somerset,PI Walter,MS Pepper,L Gregory,1,0,,,,,,,,,,,,,
1297882,2022,2022-06-19,"County Ground, Chelmsford",1,13.4,13.4,Essex,Somerset,MS Pepper,PI Walter,L Gregory,1,0,,,,,,,,,,,,,
1297882,2022,2022-06-19,"County Ground, Chelmsford",1,13.5,13.5,Essex,Somerset,PI Walter,MS Pepper,L Gregory,6,0,,,,,,,,,,,,,
1297882,2022,2022-06-19,"County Ground, Chelmsford",1,13.6,13.6,Essex,Somerset,PI Walter,MS Pepper,L Gregory,0,0,,,,,,,,,,,,,
1297882,2022,2022-06-19,"County Ground, Chelmsford",1,14.1,14.1,Essex,Somerset,MS Pepper,PI Walter,BGF Green,4,0,,,,,,,,,,,,,
1297882,2022,2022-06-19,"County Ground, Chelmsford",1,14.2,14.2,Essex,Somerset,MS Pepper,PI Walter,BGF Green,1,0,,,,,,,,,,,,,
1297882,2022,2022-06-19,"County Ground, Chelmsford",1,14.3,14.3,Essex,Somerset,PI Walter,MS Pepper,BGF Green,6,0,,,,,,,,,,,,,
1297882,2022,2022-06-19,"County Ground, Chelmsford",1,14.4,14.4,Essex,Somerset,PI Walter,MS Pepper,BGF Green,0,0,,,,,,,,,,,,,
1297882,2022,2022-06-19,"County Ground, Chelmsford",1,14.5,14.5,Essex,Somerset,PI Walter,MS Pepper,BGF Green,1,0,,,,,,,,,,,,,
1297882,2022,2022-06-19,"County Ground, Chelmsford",1,14.6,14.6,Essex,Somerset,MS Pepper,PI Walter,BGF Green,1,0,,,,,,,,,,,,,
1297882,2022,2022-06-19,"County Ground, Chelmsford",1,15.1,15.1,Essex,Somerset,MS Pepper,PI Walter,PM Siddle,0,1,1,,,,,,,,,,,,
1297882,2022,2022-06-19,"County Ground, Chelmsford",1,15.2,15.1,Essex,Somerset,MS Pepper,PI Walter,PM Siddle,2,0,,,,,,,,,,,,,
1297882,2022,2022-06-19,"County Ground, Chelmsford",1,15.3,15.2,Essex,Somerset,MS Pepper,PI Walter,PM Siddle,0,0,,,,,,,,,,,,,
1297882,2022,2022-06-19,"County Ground, Chelmsford",1,15.4,15.3,Essex,Somerset,MS Pepper,PI Walter,PM Siddle,1,0,,,,,,,,,,,,,
1297882,2022,2022-06-19,"County Ground, Chelmsford",1,15.5,15.4,Essex,Somerset,PI Walter,MS Pepper,PM Siddle,0,0,,,,,,,,,,,,,
1297882,2022,2022-06-19,"County Ground, Chelmsford",1,15.6,15.5,Essex,Somerset,PI Walter,MS Pepper,PM Siddle,0,0,,,,,,,,,,,,,
1297882,2022,2022-06-19,"County Ground, Chelmsford",1,15.7,15.6,Essex,Somerset,PI Walter,MS Pepper,PM Siddle,1,0,,,,,,,,,,,,,
1297882,2022,2022-06-19,"County Ground, Chelmsford",1,16.1,16.1,Essex,Somerset,PI Walter,MS Pepper,JA Brooks,0,0,,,,,,,,,,,,,
1297882,2022,2022-06-19,"County Ground, Chelmsford",1,16.2,16.2,Essex,Somerset,PI Walter,MS Pepper,JA Brooks,0,1,,,,1,,,,,,,,,
1297882,2022,2022-06-19,"County Ground, Chelmsford",1,16.3,16.3,Essex,Somerset,MS Pepper,PI Walter,JA Brooks,2,0,,,,,,,,,,,,,
1297882,2022,2022-06-19,"County Ground, Chelmsford",1,16.4,16.4,Essex,Somerset,MS Pepper,PI Walter,JA Brooks,1,0,,,,,,,,,,,,,
1297882,2022,2022-06-19,"County Ground, Chelmsford",1,16.5,16.5,Essex,Somerset,PI Walter,MS Pepper,JA Brooks,0,1,,,,1,,,,,,,,,
1297882,2022,2022-06-19,"County Ground, Chelmsford",1,16.6,16.6,Essex,Somerset,MS Pepper,PI Walter,JA Brooks,1,0,,,,,,,,,,,,,
1297882,2022,2022-06-19,"County Ground, Chelmsford",1,17.1,17.1,Essex,Somerset,MS Pepper,PI Walter,BGF Green,4,0,,,,,,,,,,,,,
1297882,2022,2022-06-19,"County Ground, Chelmsford",1,17.2,17.2,Essex,Somerset,MS Pepper,PI Walter,BGF Green,1,0,,,,,,,,,,,,,
1297882,2022,2022-06-19,"County Ground, Chelmsford",1,17.3,17.3,Essex,Somerset,PI Walter,MS Pepper,BGF Green,2,0,,,,,,,,,,,,,
1297882,2022,2022-06-19,"County Ground, Chelmsford",1,17.4,17.4,Essex,Somerset,PI Walter,MS Pepper,BGF Green,6,0,,,,,,,,,,,,,
1297882,2022,2022-06-19,"County Ground, Chelmsford",1,17.5,17.5,Essex,Somerset,PI Walter,MS Pepper,BGF Green,6,0,,,,,,,,,,,,,
1297882,2022,2022-06-19,"County Ground, Chelmsford",1,17.6,17.6,Essex,Somerset,PI Walter,MS Pepper,BGF Green,1,0,,,,,,,,,,,,,
1297882,2022,2022-06-19,"County Ground, Chelmsford",1,18.1,18.1,Essex,Somerset,PI Walter,MS Pepper,JA Brooks,4,0,,,,,,,,,,,,,
1297882,2022,2022-06-19,"County Ground, Chelmsford",1,18.2,18.2,Essex,Somerset,PI Walter,MS Pepper,JA Brooks,0,0,,,,,,,caught,PI Walter,,,RE van der Merwe,,
1297882,2022,2022-06-19,"County Ground, Chelmsford",1,18.3,18.3,Essex,Somerset,DR Sams,MS Pepper,JA Brooks,0,0,,,,,,,caught,DR Sams,,,T Banton,,
1297882,2022,2022-06-19,"County Ground, Chelmsford",1,18.4,18.4,Essex,Somerset,SR Harmer,MS Pepper,JA Brooks,1,0,,,,,,,,,,,,,
1297882,2022,2022-06-19,"County Ground, Chelmsford",1,18.5,18.5,Essex,Somerset,MS Pepper,SR Harmer,JA Brooks,1,0,,,,,,,,,,,,,
1297882,2022,2022-06-19,"County Ground, Chelmsford",1,18.6,18.6,Essex,Somerset,SR Harmer,MS Pepper,JA Brooks,1,0,,,,,,,,,,,,,
1297882,2022,2022-06-19,"County Ground, Chelmsford",1,19.1,19.1,Essex,Somerset,SR Harmer,MS Pepper,PM Siddle,0,0,,,,,,,,,,,,,
1297882,2022,2022-06-19,"County Ground, Chelmsford",1,19.2,19.2,Essex,Somerset,SR Harmer,MS Pepper,PM Siddle,1,0,,,,,,,,,,,,,
1297882,2022,2022-06-19,"County Ground, Chelmsford",1,19.3,19.3,Essex,Somerset,MS Pepper,SR Harmer,PM Siddle,0,1,1,,,,,,,,,,,,
1297882,2022,2022-06-19,"County Ground, Chelmsford",1,19.4,19.3,Essex,Somerset,MS Pepper,SR Harmer,PM Siddle,6,0,,,,,,,,,,,,,
1297882,2022,2022-06-19,"County Ground, Chelmsford",1,19.5,19.4,Essex,Somerset,MS Pepper,SR Harmer,PM Siddle,2,0,,,,,,,,,,,,,
1297882,2022,2022-06-19,"County Ground, Chelmsford",1,19.6,19.5,Essex,Somerset,MS Pepper,SR Harmer,PM Siddle,0,1,1,,,,,,,,,,,,
1297882,2022,2022-06-19,"County Ground, Chelmsford",1,19.7,19.5,Essex,Somerset,MS Pepper,SR Harmer,PM Siddle,4,0,,,,,,,,,,,,,
1297882,2022,2022-06-19,"County Ground, Chelmsford",1,19.8,19.6,Essex,Somerset,MS Pepper,SR Harmer,PM Siddle,0,1,1,,,,,,,,,,,,
1297882,2022,2022-06-19,"County Ground, Chelmsford",1,19.9,19.6,Essex,Somerset,MS Pepper,SR Harmer,PM Siddle,4,0,,,,,,,,,,,,,
1297882,2022,2022-06-19,"County Ground, Chelmsford",2,0.1,0.1,Somerset,Essex,WCF Smeed,T Banton,ASS Nijjar,0,0,,,,,,,,,,,,,
1297882,2022,2022-06-19,"County Ground, Chelmsford",2,0.2,0.2,Somerset,Essex,WCF Smeed,T Banton,ASS Nijjar,6,0,,,,,,,,,,,,,
1297882,2022,2022-06-19,"County Ground, Chelmsford",2,0.3,0.3,Somerset,Essex,WCF Smeed,T Banton,ASS Nijjar,0,1,1,,,,,,,,,,,,
1297882,2022,2022-06-19,"County Ground, Chelmsford",2,0.4,0.3,Somerset,Essex,WCF Smeed,T Banton,ASS Nijjar,6,0,,,,,,,,,,,,,
1297882,2022,2022-06-19,"County Ground, Chelmsford",2,0.5,0.4,Somerset,Essex,WCF Smeed,T Banton,ASS Nijjar,0,0,,,,,,,,,,,,,
1297882,2022,2022-06-19,"County Ground, Chelmsford",2,0.6,0.5,Somerset,Essex,WCF Smeed,T Banton,ASS Nijjar,4,0,,,,,,,,,,,,,
1297882,2022,2022-06-19,"County Ground, Chelmsford",2,0.7,0.6,Somerset,Essex,WCF Smeed,T Banton,ASS Nijjar,6,0,,,,,,,,,,,,,
1297882,2022,2022-06-19,"County Ground, Chelmsford",2,1.1,1.1,Somerset,Essex,T Banton,WCF Smeed,DR Sams,0,0,,,,,,,,,,,,,
1297882,2022,2022-06-19,"County Ground, Chelmsford",2,1.2,1.2,Somerset,Essex,T Banton,WCF Smeed,DR Sams,0,0,,,,,,,,,,,,,
1297882,2022,2022-06-19,"County Ground, Chelmsford",2,1.3,1.3,Somerset,Essex,T Banton,WCF Smeed,DR Sams,4,0,,,,,,,,,,,,,
1297882,2022,2022-06-19,"County Ground, Chelmsford",2,1.4,1.4,Somerset,Essex,T Banton,WCF Smeed,DR Sams,1,0,,,,,,,,,,,,,
1297882,2022,2022-06-19,"County Ground, Chelmsford",2,1.5,1.5,Somerset,Essex,WCF Smeed,T Banton,DR Sams,0,0,,,,,,,caught,WCF Smeed,,,AM Rossington,,
1297882,2022,2022-06-19,"County Ground, Chelmsford",2,1.6,1.6,Somerset,Essex,RR Rossouw,T Banton,DR Sams,0,0,,,,,,,,,,,,,
1297882,2022,2022-06-19,"County Ground, Chelmsford",2,2.1,2.1,Somerset,Essex,T Banton,RR Rossouw,SJ Cook,0,0,,,,,,,,,,,,,
1297882,2022,2022-06-19,"County Ground, Chelmsford",2,2.2,2.2,Somerset,Essex,T Banton,RR Rossouw,SJ Cook,0,0,,,,,,,,,,,,,
1297882,2022,2022-06-19,"County Ground, Chelmsford",2,2.3,2.3,Somerset,Essex,T Banton,RR Rossouw,SJ Cook,4,0,,,,,,,,,,,,,
1297882,2022,2022-06-19,"County Ground, Chelmsford",2,2.4,2.4,Somerset,Essex,T Banton,RR Rossouw,SJ Cook,0,0,,,,,,,,,,,,,
1297882,2022,2022-06-19,"County Ground, Chelmsford",2,2.5,2.5,Somerset,Essex,T Banton,RR Rossouw,SJ Cook,1,0,,,,,,,,,,,,,
1297882,2022,2022-06-19,"County Ground, Chelmsford",2,2.6,2.6,Somerset,Essex,RR Rossouw,T Banton,SJ Cook,0,0,,,,,,,,,,,,,
1297882,2022,2022-06-19,"County Ground, Chelmsford",2,3.1,3.1,Somerset,Essex,T Banton,RR Rossouw,DR Sams,0,0,,,,,,,,,,,,,
1297882,2022,2022-06-19,"County Ground, Chelmsford",2,3.2,3.2,Somerset,Essex,T Banton,RR Rossouw,DR Sams,0,1,1,,,,,,,,,,,,
1297882,2022,2022-06-19,"County Ground, Chelmsford",2,3.3,3.2,Somerset,Essex,T Banton,RR Rossouw,DR Sams,0,0,,,,,,,,,,,,,
1297882,2022,2022-06-19,"County Ground, Chelmsford",2,3.4,3.3,Somerset,Essex,T Banton,RR Rossouw,DR Sams,2,0,,,,,,,,,,,,,
1297882,2022,2022-06-19,"County Ground, Chelmsford",2,3.5,3.4,Somerset,Essex,T Banton,RR Rossouw,DR Sams,0,0,,,,,,,,,,,,,
1297882,2022,2022-06-19,"County Ground, Chelmsford",2,3.6,3.5,Somerset,Essex,T Banton,RR Rossouw,DR Sams,0,0,,,,,,,,,,,,,
1297882,2022,2022-06-19,"County Ground, Chelmsford",2,3.7,3.6,Somerset,Essex,T Banton,RR Rossouw,DR Sams,1,0,,,,,,,,,,,,,
1297882,2022,2022-06-19,"County Ground, Chelmsford",2,4.1,4.1,Somerset,Essex,T Banton,RR Rossouw,BMJ Allison,4,0,,,,,,,,,,,,,
1297882,2022,2022-06-19,"County Ground, Chelmsford",2,4.2,4.2,Somerset,Essex,T Banton,RR Rossouw,BMJ Allison,0,0,,,,,,,caught,T Banton,,,MS Pepper,,
1297882,2022,2022-06-19,"County Ground, Chelmsford",2,4.3,4.3,Somerset,Essex,TB Abell,RR Rossouw,BMJ Allison,1,0,,,,,,,,,,,,,
1297882,2022,2022-06-19,"County Ground, Chelmsford",2,4.4,4.4,Somerset,Essex,RR Rossouw,TB Abell,BMJ Allison,4,0,,,,,,,,,,,,,
1297882,2022,2022-06-19,"County Ground, Chelmsford",2,4.5,4.5,Somerset,Essex,RR Rossouw,TB Abell,BMJ Allison,1,0,,,,,,,,,,,,,
1297882,2022,2022-06-19,"County Ground, Chelmsford",2,4.6,4.6,Somerset,Essex,TB Abell,RR Rossouw,BMJ Allison,1,0,,,,,,,,,,,,,
1297882,2022,2022-06-19,"County Ground, Chelmsford",2,5.1,5.1,Somerset,Essex,TB Abell,RR Rossouw,SJ Cook,0,1,1,,,,,,,,,,,,
1297882,2022,2022-06-19,"County Ground, Chelmsford",2,5.2,5.1,Somerset,Essex,TB Abell,RR Rossouw,SJ Cook,1,0,,,,,,,,,,,,,
1297882,2022,2022-06-19,"County Ground, Chelmsford",2,5.3,5.2,Somerset,Essex,RR Rossouw,TB Abell,SJ Cook,1,0,,,,,,,,,,,,,
1297882,2022,2022-06-19,"County Ground, Chelmsford",2,5.4,5.3,Somerset,Essex,TB Abell,RR Rossouw,SJ Cook,0,0,,,,,,,,,,,,,
1297882,2022,2022-06-19,"County Ground, Chelmsford",2,5.5,5.4,Somerset,Essex,TB Abell,RR Rossouw,SJ Cook,0,0,,,,,,,,,,,,,
1297882,2022,2022-06-19,"County Ground, Chelmsford",2,5.6,5.5,Somerset,Essex,TB Abell,RR Rossouw,SJ Cook,0,0,,,,,,,,,,,,,
1297882,2022,2022-06-19,"County Ground, Chelmsford",2,5.7,5.6,Somerset,Essex,TB Abell,RR Rossouw,SJ Cook,0,0,,,,,,,,,,,,,
1297882,2022,2022-06-19,"County Ground, Chelmsford",2,6.1,6.1,Somerset,Essex,RR Rossouw,TB Abell,BMJ Allison,6,0,,,,,,,,,,,,,
1297882,2022,2022-06-19,"County Ground, Chelmsford",2,6.2,6.2,Somerset,Essex,RR Rossouw,TB Abell,BMJ Allison,6,0,,,,,,,,,,,,,
1297882,2022,2022-06-19,"County Ground, Chelmsford",2,6.3,6.3,Somerset,Essex,RR Rossouw,TB Abell,BMJ Allison,4,0,,,,,,,,,,,,,
1297882,2022,2022-06-19,"County Ground, Chelmsford",2,6.4,6.4,Somerset,Essex,RR Rossouw,TB Abell,BMJ Allison,1,0,,,,,,,,,,,,,
1297882,2022,2022-06-19,"County Ground, Chelmsford",2,6.5,6.5,Somerset,Essex,TB Abell,RR Rossouw,BMJ Allison,0,2,,2,,,,,,,,,,,
1297882,2022,2022-06-19,"County Ground, Chelmsford",2,6.6,6.5,Somerset,Essex,TB Abell,RR Rossouw,BMJ Allison,1,0,,,,,,,,,,,,,
1297882,2022,2022-06-19,"County Ground, Chelmsford",2,6.7,6.6,Somerset,Essex,RR Rossouw,TB Abell,BMJ Allison,1,0,,,,,,,,,,,,,
1297882,2022,2022-06-19,"County Ground, Chelmsford",2,7.1,7.1,Somerset,Essex,RR Rossouw,TB Abell,SR Harmer,6,0,,,,,,,,,,,,,
1297882,2022,2022-06-19,"County Ground, Chelmsford",2,7.2,7.2,Somerset,Essex,RR Rossouw,TB Abell,SR Harmer,0,0,,,,,,,,,,,,,
1297882,2022,2022-06-19,"County Ground, Chelmsford",2,7.3,7.3,Somerset,Essex,RR Rossouw,TB Abell,SR Harmer,1,0,,,,,,,,,,,,,
1297882,2022,2022-06-19,"County Ground, Chelmsford",2,7.4,7.4,Somerset,Essex,TB Abell,RR Rossouw,SR Harmer,0,0,,,,,,,,,,,,,
1297882,2022,2022-06-19,"County Ground, Chelmsford",2,7.5,7.5,Somerset,Essex,TB Abell,RR Rossouw,SR Harmer,2,0,,,,,,,,,,,,,
1297882,2022,2022-06-19,"County Ground, Chelmsford",2,7.6,7.6,Somerset,Essex,TB Abell,RR Rossouw,SR Harmer,1,0,,,,,,,,,,,,,
1297882,2022,2022-06-19,"County Ground, Chelmsford",2,8.1,8.1,Somerset,Essex,TB Abell,RR Rossouw,MJJ Critchley,3,0,,,,,,,,,,,,,
1297882,2022,2022-06-19,"County Ground, Chelmsford",2,8.2,8.2,Somerset,Essex,RR Rossouw,TB Abell,MJJ Critchley,1,0,,,,,,,,,,,,,
1297882,2022,2022-06-19,"County Ground, Chelmsford",2,8.3,8.3,Somerset,Essex,TB Abell,RR Rossouw,MJJ Critchley,6,0,,,,,,,,,,,,,
1297882,2022,2022-06-19,"County Ground, Chelmsford",2,8.4,8.4,Somerset,Essex,TB Abell,RR Rossouw,MJJ Critchley,1,0,,,,,,,,,,,,,
1297882,2022,2022-06-19,"County Ground, Chelmsford",2,8.5,8.5,Somerset,Essex,RR Rossouw,TB Abell,MJJ Critchley,1,0,,,,,,,,,,,,,
1297882,2022,2022-06-19,"County Ground, Chelmsford",2,8.6,8.6,Somerset,Essex,TB Abell,RR Rossouw,MJJ Critchley,1,0,,,,,,,,,,,,,
1297882,2022,2022-06-19,"County Ground, Chelmsford",2,9.1,9.1,Somerset,Essex,TB Abell,RR Rossouw,SR Harmer,0,0,,,,,,,,,,,,,
1297882,2022,2022-06-19,"County Ground, Chelmsford",2,9.2,9.2,Somerset,Essex,TB Abell,RR Rossouw,SR Harmer,1,0,,,,,,,,,,,,,
1297882,2022,2022-06-19,"County Ground, Chelmsford",2,9.3,9.3,Somerset,Essex,RR Rossouw,TB Abell,SR Harmer,1,0,,,,,,,,,,,,,
1297882,2022,2022-06-19,"County Ground, Chelmsford",2,9.4,9.4,Somerset,Essex,TB Abell,RR Rossouw,SR Harmer,4,0,,,,,,,,,,,,,
1297882,2022,2022-06-19,"County Ground, Chelmsford",2,9.5,9.5,Somerset,Essex,TB Abell,RR Rossouw,SR Harmer,2,0,,,,,,,,,,,,,
1297882,2022,2022-06-19,"County Ground, Chelmsford",2,9.6,9.6,Somerset,Essex,TB Abell,RR Rossouw,SR Harmer,1,0,,,,,,,,,,,,,
1297882,2022,2022-06-19,"County Ground, Chelmsford",2,10.1,10.1,Somerset,Essex,TB Abell,RR Rossouw,ASS Nijjar,1,0,,,,,,,,,,,,,
1297882,2022,2022-06-19,"County Ground, Chelmsford",2,10.2,10.2,Somerset,Essex,RR Rossouw,TB Abell,ASS Nijjar,4,0,,,,,,,,,,,,,
1297882,2022,2022-06-19,"County Ground, Chelmsford",2,10.3,10.3,Somerset,Essex,RR Rossouw,TB Abell,ASS Nijjar,6,0,,,,,,,,,,,,,
1297882,2022,2022-06-19,"County Ground, Chelmsford",2,10.4,10.4,Somerset,Essex,RR Rossouw,TB Abell,ASS Nijjar,6,0,,,,,,,,,,,,,
1297882,2022,2022-06-19,"County Ground, Chelmsford",2,10.5,10.5,Somerset,Essex,RR Rossouw,TB Abell,ASS Nijjar,0,1,1,,,,,,,,,,,,
1297882,2022,2022-06-19,"County Ground, Chelmsford",2,10.6,10.5,Somerset,Essex,RR Rossouw,TB Abell,ASS Nijjar,1,0,,,,,,,,,,,,,
1297882,2022,2022-06-19,"County Ground, Chelmsford",2,10.7,10.6,Somerset,Essex,TB Abell,RR Rossouw,ASS Nijjar,1,0,,,,,,,,,,,,,
1297882,2022,2022-06-19,"County Ground, Chelmsford",2,11.1,11.1,Somerset,Essex,TB Abell,RR Rossouw,SJ Cook,4,0,,,,,,,,,,,,,
1297882,2022,2022-06-19,"County Ground, Chelmsford",2,11.2,11.2,Somerset,Essex,TB Abell,RR Rossouw,SJ Cook,0,0,,,,,,,,,,,,,
1297882,2022,2022-06-19,"County Ground, Chelmsford",2,11.3,11.3,Somerset,Essex,TB Abell,RR Rossouw,SJ Cook,0,0,,,,,,,,,,,,,
1297882,2022,2022-06-19,"County Ground, Chelmsford",2,11.4,11.4,Somerset,Essex,TB Abell,RR Rossouw,SJ Cook,3,0,,,,,,,,,,,,,
1297882,2022,2022-06-19,"County Ground, Chelmsford",2,11.5,11.5,Somerset,Essex,RR Rossouw,TB Abell,SJ Cook,2,0,,,,,,,,,,,,,
1297882,2022,2022-06-19,"County Ground, Chelmsford",2,11.6,11.6,Somerset,Essex,RR Rossouw,TB Abell,SJ Cook,1,0,,,,,,,,,,,,,
1297882,2022,2022-06-19,"County Ground, Chelmsford",2,12.1,12.1,Somerset,Essex,RR Rossouw,TB Abell,DR Sams,0,0,,,,,,,,,,,,,
1297882,2022,2022-06-19,"County Ground, Chelmsford",2,12.2,12.2,Somerset,Essex,RR Rossouw,TB Abell,DR Sams,2,0,,,,,,,,,,,,,
1297882,2022,2022-06-19,"County Ground, Chelmsford",2,12.3,12.3,Somerset,Essex,RR Rossouw,TB Abell,DR Sams,1,0,,,,,,,,,,,,,
1297882,2022,2022-06-19,"County Ground, Chelmsford",2,12.4,12.4,Somerset,Essex,TB Abell,RR Rossouw,DR Sams,2,0,,,,,,,,,,,,,
1297882,2022,2022-06-19,"County Ground, Chelmsford",2,12.5,12.5,Somerset,Essex,TB Abell,RR Rossouw,DR Sams,2,0,,,,,,,,,,,,,
1297882,2022,2022-06-19,"County Ground, Chelmsford",2,12.6,12.6,Somerset,Essex,TB Abell,RR Rossouw,DR Sams,1,0,,,,,,,,,,,,,
1297882,2022,2022-06-19,"County Ground, Chelmsford",2,13.1,13.1,Somerset,Essex,TB Abell,RR Rossouw,SR Harmer,1,0,,,,,,,,,,,,,
1297882,2022,2022-06-19,"County Ground, Chelmsford",2,13.2,13.2,Somerset,Essex,RR Rossouw,TB Abell,SR Harmer,1,0,,,,,,,,,,,,,
1297882,2022,2022-06-19,"County Ground, Chelmsford",2,13.3,13.3,Somerset,Essex,TB Abell,RR Rossouw,SR Harmer,0,1,,,,1,,,,,,,,,
1297882,2022,2022-06-19,"County Ground, Chelmsford",2,13.4,13.4,Somerset,Essex,RR Rossouw,TB Abell,SR Harmer,2,0,,,,,,,,,,,,,
1297882,2022,2022-06-19,"County Ground, Chelmsford",2,13.5,13.5,Somerset,Essex,RR Rossouw,TB Abell,SR Harmer,1,0,,,,,,,,,,,,,
1297882,2022,2022-06-19,"County Ground, Chelmsford",2,13.6,13.6,Somerset,Essex,TB Abell,RR Rossouw,SR Harmer,0,0,,,,,,,,,,,,,
1297882,2022,2022-06-19,"County Ground, Chelmsford",2,14.1,14.1,Somerset,Essex,RR Rossouw,TB Abell,MJJ Critchley,4,0,,,,,,,,,,,,,
1297882,2022,2022-06-19,"County Ground, Chelmsford",2,14.2,14.2,Somerset,Essex,RR Rossouw,TB Abell,MJJ Critchley,1,0,,,,,,,,,,,,,
1297882,2022,2022-06-19,"County Ground, Chelmsford",2,14.3,14.3,Somerset,Essex,TB Abell,RR Rossouw,MJJ Critchley,4,0,,,,,,,,,,,,,
1297882,2022,2022-06-19,"County Ground, Chelmsford",2,14.4,14.4,Somerset,Essex,TB Abell,RR Rossouw,MJJ Critchley,0,0,,,,,,,,,,,,,
1297882,2022,2022-06-19,"County Ground, Chelmsford",2,14.5,14.5,Somerset,Essex,TB Abell,RR Rossouw,MJJ Critchley,1,0,,,,,,,,,,,,,
1297882,2022,2022-06-19,"County Ground, Chelmsford",2,14.6,14.6,Somerset,Essex,RR Rossouw,TB Abell,MJJ Critchley,6,0,,,,,,,,,,,,,
1297882,2022,2022-06-19,"County Ground, Chelmsford",2,15.1,15.1,Somerset,Essex,TB Abell,RR Rossouw,SR Harmer,1,0,,,,,,,,,,,,,
1297882,2022,2022-06-19,"County Ground, Chelmsford",2,15.2,15.2,Somerset,Essex,RR Rossouw,TB Abell,SR Harmer,1,0,,,,,,,,,,,,,
1297882,2022,2022-06-19,"County Ground, Chelmsford",2,15.3,15.3,Somerset,Essex,TB Abell,RR Rossouw,SR Harmer,0,0,,,,,,,,,,,,,
1297882,2022,2022-06-19,"County Ground, Chelmsford",2,15.4,15.4,Somerset,Essex,TB Abell,RR Rossouw,SR Harmer,6,0,,,,,,,,,,,,,
1297882,2022,2022-06-19,"County Ground, Chelmsford",2,15.5,15.5,Somerset,Essex,TB Abell,RR Rossouw,SR Harmer,0,0,,,,,,,,,,,,,
1297882,2022,2022-06-19,"County Ground, Chelmsford",2,15.6,15.6,Somerset,Essex,TB Abell,RR Rossouw,SR Harmer,1,0,,,,,,,,,,,,,
1297882,2022,2022-06-19,"County Ground, Chelmsford",2,16.1,16.1,Somerset,Essex,TB Abell,RR Rossouw,DR Sams,0,0,,,,,,,,,,,,,
1297882,2022,2022-06-19,"County Ground, Chelmsford",2,16.2,16.2,Somerset,Essex,TB Abell,RR Rossouw,DR Sams,6,0,,,,,,,,,,,,,
1297882,2022,2022-06-19,"County Ground, Chelmsford",2,16.3,16.3,Somerset,Essex,TB Abell,RR Rossouw,DR Sams,0,0,,,,,,,,,,,,,
1297882,2022,2022-06-19,"County Ground, Chelmsford",2,16.4,16.4,Somerset,Essex,TB Abell,RR Rossouw,DR Sams,1,0,,,,,,,,,,,,,
1297882,2022,2022-06-19,"County Ground, Chelmsford",2,16.5,16.5,Somerset,Essex,RR Rossouw,TB Abell,DR Sams,4,0,,,,,,,,,,,,,
1297882,2022,2022-06-19,"County Ground, Chelmsford",2,16.6,16.6,Somerset,Essex,RR Rossouw,TB Abell,DR Sams,1,0,,,,,,,,,,,,,
1297882,2022,2022-06-19,"County Ground, Chelmsford",2,17.1,17.1,Somerset,Essex,RR Rossouw,TB Abell,SJ Cook,0,1,1,,,,,,,,,,,,
1297882,2022,2022-06-19,"County Ground, Chelmsford",2,17.2,17.1,Somerset,Essex,RR Rossouw,TB Abell,SJ Cook,1,0,,,,,,,,,,,,,
1297882,2022,2022-06-19,"County Ground, Chelmsford",2,17.3,17.2,Somerset,Essex,TB Abell,RR Rossouw,SJ Cook,1,0,,,,,,,,,,,,,
1297882,2022,2022-06-19,"County Ground, Chelmsford",2,17.4,17.3,Somerset,Essex,RR Rossouw,TB Abell,SJ Cook,6,0,,,,,,,,,,,,,
